clave,valor
AER-CBA,10497
AER-DOZ,9356
AER-BAR,8162
AER-IGU,7712
AER-NEU,6209
AER-SAL,5249
BAR-EZE,4808
AER-TUC,4561
AER-CRV,3698
AER-USU,3268
EZE-IGU,3244
AER-ECA,2696
AER-POS,2500
EZE-USU,2481
AER-JUJ,2470
AER-MDP,2336
AER-CHP,2228
AER-BCA,2153
DOZ-EZE,2075
AER-TRE,2034
AER-SIS,2027
EZE-SAL,1941
AER-CRR,1745
AER-JUA,1700
AER-SDE,1661
EZE-TUC,1529
ECA-USU,1475
CBA-EZE,1473
ECA-EZE,1453
AER-ROS,1292
AER-DRY,1124
AER-SVO,1091
EZE-NEU,1074
CBA-NEU,1055
AER-FSA,990
EZE-JUJ,960
CBA-DOZ,936
AER-GRA,933
AER-CAT,925
CBA-SAL,920
BAR-CBA,915
AER-LAR,883
DOZ-SAL,858
AER-GAL,712
AER-UIS,685
AER-ESQ,674
AER-EZE,652
DOZ-NEU,622
CRV-NEU,616
AER-SRA,601
CRV-EZE,594
BAR-DOZ,577
NEU-SAL,525
AER-PAR,518
AER-OSA,508
CBA-IGU,443
CBA-TUC,412
AER-VIE,407
CBA-JUJ,407
CBA-CRV,342
IGU-SAL,331
BAR-ECA,323
CAT-LAR,229
EZE-JUA,219
AER-TRH,218
EZE-POS,207
DOZ-MDP,199
EZE-SDE,191
BAR-ROS,185
CBA-MDP,184
EZE-GAL,183
BCA-EZE,183
EZE-TRE,182
AER-SRC,170
EZE-SIS,167
CBA-USU,160
EZE-ROS,153
AER-TRC,150
DOZ-ROS,148
IGU-ROS,143
EZE-GRA,140
DRY-EZE,123
CBA-POS,121
CBA-ECA,115
CHP-EZE,111
MDP-TUC,111
ECA-GAL,108
ECA-TRE,98
ROS-SAL,98
GAL-USU,89
TRE-USU,88
GAL-GRA,75
GRA-USU,71
NEU-ROS,71
CRR-EZE,67
NEU-TRE,63
SAL-SVO,58
IGU-SVO,57
BRQ-DOZ,55
CRV-ECA,55
EZE-LAR,54
EZE-FSA,54
ECA-PTM,48
ECA-GRA,45
IGU-JUJ,43
CHP-ROS,41
MDP-ROS,38
BCA-MDP,34
EZE-SVO,34
CAT-EZE,33
DOZ-JUJ,32
EZE-MDP,31
CBA-CHP,31
ESQ-EZE,30
EZE-EZE,28
IGU-TUC,27
AER-PTM,25
EZE-TRH,23
CBA-ESQ,22
BAR-SIS,22
BAR-SVO,21
BAR-BCA,19
EZE-UIS,18
BAR-MDP,18
BAR-SAL,15
EZE-SRA,13
BAR-POS,11
BAR-TUC,10
AER-AER,9
CRV-PTM,9
BCA-CRV,9
BAR-JUJ,9
BAR-JUA,9
AER-GPI,9
BAR-NEU,8
BAR-SDE,8
EZE-PTM,7
POS-POS,7
CBA-ROS,6
JUJ-SAL,6
AER-PAL,6
NEU-TXO,6
EZE-OSA,6
BAR-TRC,5
SDE-TUC,5
DOZ-DOZ,5
DRY-DRY,5
IGU-POS,5
CBA-SIS,5
ROS-SDE,4
ESC-EZE,4
DOZ-JUA,4
BAR-PAR,4
BAR-UIS,4
BAR-TRE,4
EZE-VIE,4
FDO-IGU,3
SAL-TUC,3
SDE-SDE,3
PAR-PAR,3
ROS-TUC,3
DOZ-SVO,3
BCA-CBA,3
DOZ-TUC,3
CHP-NEU,3
BAR-IGU,3
CRV-TRE,3
AER-SAN,3
FDO-FDO,3
DRY-TRE,3
GAL-PTM,3
BAR-CAT,3
IGU-IGU,3
BAR-SRA,3
CBA-JUA,2
FSA-SIS,2
CHP-CHP,2
CRV-GAL,2
CBA-SVO,2
FDO-SIS,2
AER-VMR,2
UIS-UIS,2
SBE-TUC,2
RAT-SAL,2
DRY-PAR,2
BCA-NEU,2
EZE-PAR,2
IGU-SIS,2
BAR-RES,2
GEZ-PAL,2
EZE-SAN,2
JUA-MDP,2
MDP-USU,1
EZE-FDO,1
SIS-TUC,1
CRV-CRV,1
CAT-CBA,1
DOZ-ECA,1
ESQ-ESQ,1
JUA-ROS,1
SVO-TUC,1
BAR-BAR,1
CRV-DOZ,1
CAT-SAL,1
CBA-TRC,1
JUJ-SIS,1
FDO-TUC,1
FDO-NEU,1
SRA-SRA,1
EZE-RGR,1
SDE-SIS,1
DOZ-SRC,1
SDE-SVO,1
IGU-SDE,1
CRR-POS,1
ENO-PAL,1
AER-ESC,1
NEU-NEU,1
SIS-SIS,1
AER-IRI,1
BAR-ESQ,1
JUJ-SDE,1
AER-FMA,1
AER-SNT,1
TRE-VIE,1
MDP-SDE,1
BCA-TRE,1
JUA-SAL,1
CAT-TUC,1
CBA-CBA,1
CBA-TRE,1
PAR-TUC,1
AER-MOR,1
MDP-PAL,1
CBA-SDE,1
POS-SIS,1
LAR-LAR,1
CBA-GRA,1
EZE-SNT,1
MOR-PAL,1
SAL-SDE,1
CRD-EZE,1
BCA-ECA,1
CAT-SDE,1
BCA-ESQ,1
CBA-CHA,1
AER-DIL,1
DOZ-SDE,1
MDP-MDP,1
AER-LIB,1
EZE-GOY,1
FDO-UIS,1
BRQ-NEU,1
MCT-PAR,1
ENO-PAR,1
FDO-TRC,1
ESC-PAR,1
AER-FDO,1
BAR-CHP,1
CBA-FDO,1
EZE-SUZ,1
EZE-TRC,1
BHB-EZE,1
CBA-SRA,1
EZE-SRC,1
